{
    "level": 1,
    "position": {
        "x": 20.0792560577393,
        "y": 2.0,
        "z": 10.0456113815308
    }
}
